zjk, Mon Mar 11 04:23:14 PM CST 2024, success
zjk, Mon Mar 11 05:14:27 PM CST 2024, success
zjk, Mon Mar 11 08:12:26 PM CST 2024, success
zjk, Mon Mar 11 08:16:22 PM CST 2024, success
zjk, Mon Mar 11 09:01:35 PM CST 2024, success
zjk, Mon Mar 11 10:32:18 PM CST 2024, success
zjk, Tue Mar 12 01:50:56 PM CST 2024, success
zjk, Tue Mar 12 01:51:28 PM CST 2024, success
zjk, Tue Mar 12 05:51:40 PM CST 2024, success
zjk, Tue Mar 12 08:31:24 PM CST 2024, success
zjk, Tue Mar 12 09:28:31 PM CST 2024, success
zjk, Wed Mar 13 01:08:28 AM CST 2024, success
zjk, Thu Mar 14 12:51:04 AM CST 2024, success
zjk, Thu Mar 14 09:37:01 AM CST 2024, success
